INSERT INTO Personne (Personne_Email, Personne_Nom, Personne_Prenom, Personne_Ville, Personne_Code_postale, Personne_Nom_de_la_rue, Personne_Numero_de_la_rue, Personne_Telephone, Personne_Station_de_metro_la_plus_proche) VALUES
    ('person1@example.com','Dupont','Jean','Paris',75001,'Rue de la Paix',1,'0123456789','Station A'),
    ('person2@example.com','Martin','Paul','Lyon',69001,'Rue de Lyon',2,'0123456790','Station B'),
    ('person3@example.com','Bernard','Pierre','Marseille',13001,'Rue de Marseille',3,'0123456791','Station C'),
    ('person4@example.com','Petit','Jacques','Lille',59000,'Rue de Lille',4,'0123456792','Station D'),
    ('person5@example.com','Robert','Alain','Toulouse',31000,'Rue de Toulouse',5,'0123456793','Station E'),
    ('person6@example.com','Richard','Luc','Nice',60000,'Rue de Nice',6,'0123456794','Station F'),
    ('person7@example.com','Durand','Claude','Nantes',44000,'Rue de Nantes',7,'0123456795','Station G'),
    ('person8@example.com','Moreau','André','Strasbourg',67000,'Rue de Strasbourg',8,'0123456796','Station H'),
    ('person9@example.com','Lefevre','Michel','Bordeaux',33000,'Rue de Bordeaux',9,'0123456797','Station I'),
    ('person10@example.com','Garcia','Louis','Rennes',35000,'Rue de Rennes',10,'0123456798','Station J'),
    ('person11@example.com','Martinez','Bernard','Montpellier',34000,'Rue de Montpellier',11,'0123456799','Station K'),
    ('person12@example.com','Lopez','Daniel','Grenoble',38000,'Rue de Grenoble',12,'0123456800','Station L'),
    ('person13@example.com','Gonzalez','David','Dijon',21000,'Rue de Dijon',13,'0123456801','Station M'),
    ('person14@example.com','Hernandez','Alfred','Reims',51100,'Rue de Reims',14,'0123456802','Station N'),
    ('person15@example.com','Roux','Henri','Le Havre',76600,'Rue du Havre',15,'0123456803','Station O'),
    ('person16@example.com','Blanc','Emmanuel','Saint-Étienne',42000,'Rue de Saint-Étienne',16,'0123456804','Station P'),
    ('person17@example.com','Guerin','Pauline','Toulon',83000,'Rue de Toulon',17,'0123456805','Station Q'),
    ('person18@example.com','Fournier','Sophie','Angers',49000,'Rue d''Angers',18,'0123456806','Station R'),
    ('person19@example.com','Morel','Camille','Nîmes',30000,'Rue de Nîmes',19,'0123456807','Station S'),
    ('person20@example.com','Girard','Julien','Clermont',63000,'Rue de Clermont',20,'0123456808','Station T'),
    ('person21@example.com','Andre','Laura','Orléans',45000,'Rue d''Orléans',21,'0123456809','Station U'),
    ('person22@example.com','Lambert','Marine','Metz',57000,'Rue de Metz',22,'0123456810','Station V'),
    ('person23@example.com','Fontaine','Nicolas','Brest',29200,'Rue de Brest',23,'0123456811','Station W'),
    ('person24@example.com','Rousseau','Claire','Limoges',87000,'Rue de Limoges',24,'0123456812','Station X'),
    ('person25@example.com','Vincent','Mathieu','Tours',37000,'Rue de Tours',25,'0123456813','Station Y'),
    ('person26@example.com','Muller','Hugo','Amiens',80000,'Rue d''Amiens',26,'0123456814','Station Z'),
    ('person27@example.com','Leroy','Celine','Dijon',21000,'Rue de Dijon 2',27,'0123456815','Station AA'),
    ('person28@example.com','Bonnet','Adrien','Nice',60000,'Rue de Nice 2',28,'0123456816','Station AB'),
    ('person29@example.com','Martineau','Alexandre','Paris',75000,'Rue de Paris',29,'0123456817','Station AC'),
    ('person30@example.com','Lemaire','Antoine','Lyon',69000,'Rue de Lyon 2',30,'0123456818','Station AD');

INSERT INTO Ingredient (Ingredient_Id, Ingredient_Nom, Ingredient_volume, Ingrédient_Unité) VALUES
    (1,'Tomate','100ml','ml'),
    (2,'Fromage','200g','g'),
    (3,'Poulet','150g','g'),
    (4,'Boeuf','250g','g'),
    (5,'Carotte','80g','g'),
    (6,'Pommes','300g','g'),
    (7,'Oignon','50g','g'),
    (8,'Ail','10g','g'),
    (9,'Basilic','5g','g'),
    (10,'Thym','5g','g'),
    (11,'Laurier','3g','g'),
    (12,'Sel','2g','g'),
    (13,'Poivre','2g','g'),
    (14,'Huile d''olive','50ml','ml'),
    (15,'Champignon','100g','g');

INSERT INTO Livraison (Livraison_Id, Livraison_Adresse, Livraison_Date) VALUES
    (1,'Adresse 1','2025-03-01 10:00:00'),
    (2,'Adresse 2','2025-03-02 10:00:00'),
    (3,'Adresse 3','2025-03-03 10:00:00'),
    (4,'Adresse 4','2025-03-04 10:00:00'),
    (5,'Adresse 5','2025-03-05 10:00:00'),
    (6,'Adresse 6','2025-03-06 10:00:00'),
    (7,'Adresse 7','2025-03-07 10:00:00'),
    (8,'Adresse 8','2025-03-08 10:00:00'),
    (9,'Adresse 9','2025-03-09 10:00:00'),
    (10,'Adresse 10','2025-03-10 10:00:00'),
    (11,'Adresse 11','2025-03-11 10:00:00'),
    (12,'Adresse 12','2025-03-12 10:00:00'),
    (13,'Adresse 13','2025-03-13 10:00:00'),
    (14,'Adresse 14','2025-03-14 10:00:00'),
    (15,'Adresse 15','2025-03-15 10:00:00');

INSERT INTO Recette (Recette_id, Recette_Nom, Recette_Origine, Recette_Type_de_plat, Recette_Apport_nutritifs, Recette_Regime_alimentaire) VALUES
    (1,'Recette 1','Française','Entrée','Apport 1','Végétarien'),
    (2,'Recette 2','Italienne','Plat principal','Apport 2','Omnivore'),
    (3,'Recette 3','Mexicaine','Entrée','Apport 3','Végétarien'),
    (4,'Recette 4','Japonaise','Plat principal','Apport 4','Omnivore'),
    (5,'Recette 5','Chinoise','Dessert','Apport 5','Végétarien'),
    (6,'Recette 6','Française','Plat principal','Apport 6','Omnivore'),
    (7,'Recette 7','Italienne','Entrée','Apport 7','Végétarien'),
    (8,'Recette 8','Mexicaine','Plat principal','Apport 8','Omnivore'),
    (9,'Recette 9','Japonaise','Dessert','Apport 9','Végétarien'),
    (10,'Recette 10','Chinoise','Entrée','Apport 10','Omnivore'),
    (11,'Recette 11','Française','Plat principal','Apport 11','Végétarien'),
    (12,'Recette 12','Italienne','Dessert','Apport 12','Omnivore'),
    (13,'Recette 13','Mexicaine','Entrée','Apport 13','Végétarien'),
    (14,'Recette 14','Japonaise','Plat principal','Apport 14','Omnivore'),
    (15,'Recette 15','Chinoise','Dessert','Apport 15','Végétarien');

INSERT INTO Entreprise (Entreprise_Id, Entreprise_Nom) VALUES
    (1,'Entreprise 1'),
    (2,'Entreprise 2'),
    (3,'Entreprise 3'),
    (4,'Entreprise 4'),
    (5,'Entreprise 5'),
    (6,'Entreprise 6'),
    (7,'Entreprise 7'),
    (8,'Entreprise 8'),
    (9,'Entreprise 9'),
    (10,'Entreprise 10'),
    (11,'Entreprise 11'),
    (12,'Entreprise 12'),
    (13,'Entreprise 13'),
    (14,'Entreprise 14'),
    (15,'Entreprise 15');

INSERT INTO Cuisinier (Cuisinier_Username, Cuisinier_Password, Personne_Email) VALUES
    ('cuisinier1','pwd1','person1@example.com'),
    ('cuisinier2','pwd2','person2@example.com'),
    ('cuisinier3','pwd3','person3@example.com'),
    ('cuisinier4','pwd4','person4@example.com'),
    ('cuisinier5','pwd5','person5@example.com'),
    ('cuisinier6','pwd6','person6@example.com'),
    ('cuisinier7','pwd7','person7@example.com'),
    ('cuisinier8','pwd8','person8@example.com'),
    ('cuisinier9','pwd9','person9@example.com'),
    ('cuisinier10','pwd10','person10@example.com'),
    ('cuisinier11','pwd11','person11@example.com'),
    ('cuisinier12','pwd12','person12@example.com'),
    ('cuisinier13','pwd13','person13@example.com'),
    ('cuisinier14','pwd14','person14@example.com'),
    ('cuisinier15','pwd15','person15@example.com');

INSERT INTO Clients (Client_Username, Client_Password, Personne_Email) VALUES
    ('client1','pwd1','person16@example.com'),
    ('client2','pwd2','person17@example.com'),
    ('client3','pwd3','person18@example.com'),
    ('client4','pwd4','person19@example.com'),
    ('client5','pwd5','person20@example.com'),
    ('client6','pwd6','person21@example.com'),
    ('client7','pwd7','person22@example.com'),
    ('client8','pwd8','person23@example.com'),
    ('client9','pwd9','person24@example.com'),
    ('client10','pwd10','person25@example.com'),
    ('client11','pwd11','person26@example.com'),
    ('client12','pwd12','person27@example.com'),
    ('client13','pwd13','person28@example.com'),
    ('client14','pwd14','person29@example.com'),
    ('client15','pwd15','person30@example.com');

INSERT INTO Commande (Commande_Id, Entreprise_Id, Cuisinier_Username, Client_Username) VALUES
    (1,1,'cuisinier1','client1'),
    (2,2,'cuisinier2','client2'),
    (3,3,'cuisinier3','client3'),
    (4,4,'cuisinier4','client4'),
    (5,5,'cuisinier5','client5'),
    (6,6,'cuisinier6','client6'),
    (7,7,'cuisinier7','client7'),
    (8,8,'cuisinier8','client8'),
    (9,9,'cuisinier9','client9'),
    (10,10,'cuisinier10','client10'),
    (11,11,'cuisinier11','client11'),
    (12,12,'cuisinier12','client12'),
    (13,13,'cuisinier13','client13'),
    (14,14,'cuisinier14','client14'),
    (15,15,'cuisinier15','client15');

INSERT INTO Plat (Plat_Id, Plat_date_de_fabrication, Plat_Date_de_peremption, Plat_Prix, Plat_Nombre_Portion, Cuisinier_Username, Recette_id) VALUES
    (1,'2025-02-25','2025-03-25','10.00',4,'cuisinier1',1),
    (2,'2025-02-26','2025-03-26','12.00',3,'cuisinier2',2),
    (3,'2025-02-27','2025-03-27','14.00',5,'cuisinier3',3),
    (4,'2025-02-28','2025-03-28','16.00',4,'cuisinier4',4),
    (5,'2025-03-01','2025-03-29','18.00',6,'cuisinier5',5),
    (6,'2025-03-02','2025-03-30','20.00',4,'cuisinier6',6),
    (7,'2025-03-03','2025-03-31','22.00',3,'cuisinier7',7),
    (8,'2025-03-04','2025-04-01','24.00',5,'cuisinier8',8),
    (9,'2025-03-05','2025-04-02','26.00',4,'cuisinier9',9),
    (10,'2025-03-06','2025-04-03','28.00',6,'cuisinier10',10),
    (11,'2025-03-07','2025-04-04','30.00',4,'cuisinier11',11),
    (12,'2025-03-08','2025-04-05','32.00',3,'cuisinier12',12),
    (13,'2025-03-09','2025-04-06','34.00',5,'cuisinier13',13),
    (14,'2025-03-10','2025-04-07','36.00',4,'cuisinier14',14),
    (15,'2025-03-11','2025-04-08','38.00',6,'cuisinier15',15);

INSERT INTO evaluation (Evaluation_Id, Evaluation_Client, Evaluation_Cuisinier, Evaluation_Description_Client, Evaluation_Description_Cuisinier, Commande_Id) VALUES
    (1,4.5,4.0,'Bon plat','Client sympa',1),
    (2,3.5,3.0,'Correct','Peut mieux faire',2),
    (3,5.0,4.5,'Excellent','Très professionnel',3),
    (4,4.0,4.0,'Bien','Satisfait',4),
    (5,3.0,3.5,'Moyen','Améliorable',5),
    (6,4.5,4.0,'Bon','Sympa',6),
    (7,3.5,3.0,'Correct','Rien à redire',7),
    (8,5.0,4.5,'Parfait','Excellent',8),
    (9,4.0,4.0,'Bien','Convivial',9),
    (10,3.0,3.5,'Moyen','Peut mieux faire',10),
    (11,4.5,4.0,'Bon','Client agréable',11),
    (12,3.5,3.0,'Correct','Satisfait',12),
    (13,5.0,4.5,'Excellent','Très bon',13),
    (14,4.0,4.0,'Bien','Correct',14),
    (15,3.0,3.5,'Moyen','Améliorable',15);

INSERT INTO Creation (Commande_Id, Plat_Id) VALUES
                                                (1,1),
                                                (2,2),
                                                (3,3),
                                                (4,4),
                                                (5,5),
                                                (6,6),
                                                (7,7),
                                                (8,8),
                                                (9,9),
                                                (10,10),
                                                (11,11),
                                                (12,12),
                                                (13,13),
                                                (14,14),
                                                (15,15);

INSERT INTO Composition_de_la_recette (Ingredient_Id, Recette_id) VALUES
                                                                      (1,1),
                                                                      (2,2),
                                                                      (3,3),
                                                                      (4,4),
                                                                      (5,5),
                                                                      (6,6),
                                                                      (7,7),
                                                                      (8,8),
                                                                      (9,9),
                                                                      (10,10),
                                                                      (11,11),
                                                                      (12,12),
                                                                      (13,13),
                                                                      (14,14),
                                                                      (15,15);

INSERT INTO livré (Plat_Id, Livraison_Id) VALUES
                                              (1,1),
                                              (2,2),
                                              (3,3),
                                              (4,4),
                                              (5,5),
                                              (6,6),
                                              (7,7),
                                              (8,8),
                                              (9,9),
                                              (10,10),
                                              (11,11),
                                              (12,12),
                                              (13,13),
                                              (14,14),
                                              (15,15);

INSERT INTO Fait_Partie_De (Personne_Email, Entreprise_Id) VALUES
                                                               ('person1@example.com',1),
                                                               ('person2@example.com',2),
                                                               ('person3@example.com',3),
                                                               ('person4@example.com',4),
                                                               ('person5@example.com',5),
                                                               ('person6@example.com',6),
                                                               ('person7@example.com',7),
                                                               ('person8@example.com',8),
                                                               ('person9@example.com',9),
                                                               ('person10@example.com',10),
                                                               ('person11@example.com',11),
                                                               ('person12@example.com',12),
                                                               ('person13@example.com',13),
                                                               ('person14@example.com',14),
                                                               ('person15@example.com',15);
